num_species,c,surving_ct
2,0.100000,2
2,0.100000,2
2,0.100000,2
2,0.100000,2
2,0.100000,2
2,0.100000,2
2,0.100000,2
2,0.100000,2
2,0.100000,2
2,0.100000,2
2,0.100000,2
2,0.100000,2
2,0.100000,2
2,0.100000,2
2,0.100000,2
2,0.100000,2
2,0.100000,2
2,0.100000,2
2,0.100000,2
2,0.100000,2
2,0.100000,2
2,0.100000,2
2,0.100000,2
2,0.100000,2
2,0.100000,2
2,0.100000,2
2,0.100000,2
2,0.100000,2
2,0.100000,2
2,0.100000,2
2,0.100000,2
2,0.100000,2
2,0.100000,2
2,0.100000,2
2,0.100000,2
2,0.100000,2
2,0.100000,2
2,0.100000,2
2,0.100000,2
2,0.100000,2
2,0.100000,2
2,0.100000,2
2,0.100000,2
2,0.100000,2
2,0.100000,2
2,0.100000,2
2,0.100000,2
2,0.100000,2
2,0.100000,2
2,0.100000,2
2,0.100000,2
2,0.100000,2
2,0.100000,2
2,0.100000,2
2,0.100000,2
2,0.100000,2
2,0.100000,2
2,0.100000,2
2,0.100000,2
2,0.100000,2
2,0.100000,2
2,0.100000,2
2,0.100000,2
2,0.100000,2
2,0.100000,2
2,0.100000,2
2,0.100000,2
2,0.100000,2
2,0.100000,2
2,0.100000,2
2,0.100000,2
2,0.100000,2
2,0.100000,2
2,0.100000,2
2,0.100000,2
2,0.100000,2
2,0.100000,2
2,0.100000,2
2,0.100000,2
2,0.100000,2
2,0.100000,2
2,0.100000,2
2,0.100000,2
2,0.100000,2
2,0.100000,2
2,0.100000,2
2,0.100000,2
2,0.100000,2
2,0.100000,2
2,0.100000,2
2,0.100000,2
2,0.100000,2
2,0.100000,2
2,0.100000,2
2,0.100000,2
2,0.100000,2
2,0.100000,2
2,0.100000,2
2,0.100000,2
2,0.100000,2
2,0.200000,2
2,0.200000,2
2,0.200000,2
2,0.200000,2
2,0.200000,2
2,0.200000,2
2,0.200000,2
2,0.200000,2
2,0.200000,2
2,0.200000,2
2,0.200000,2
2,0.200000,2
2,0.200000,2
2,0.200000,2
2,0.200000,2
2,0.200000,2
2,0.200000,2
2,0.200000,2
2,0.200000,2
2,0.200000,2
2,0.200000,2
2,0.200000,2
2,0.200000,2
2,0.200000,2
2,0.200000,2
2,0.200000,2
2,0.200000,2
2,0.200000,2
2,0.200000,2
2,0.200000,2
2,0.200000,2
2,0.200000,2
2,0.200000,2
2,0.200000,2
2,0.200000,2
2,0.200000,2
2,0.200000,2
2,0.200000,2
2,0.200000,2
2,0.200000,2
2,0.200000,2
2,0.200000,2
2,0.200000,2
2,0.200000,2
2,0.200000,2
2,0.200000,2
2,0.200000,2
2,0.200000,2
2,0.200000,2
2,0.200000,2
2,0.200000,2
2,0.200000,2
2,0.200000,2
2,0.200000,2
2,0.200000,2
2,0.200000,2
2,0.200000,2
2,0.200000,2
2,0.200000,2
2,0.200000,2
2,0.200000,2
2,0.200000,2
2,0.200000,2
2,0.200000,2
2,0.200000,2
2,0.200000,2
2,0.200000,2
2,0.200000,2
2,0.200000,2
2,0.200000,2
2,0.200000,2
2,0.200000,2
2,0.200000,2
2,0.200000,2
2,0.200000,2
2,0.200000,2
2,0.200000,2
2,0.200000,2
2,0.200000,2
2,0.200000,2
2,0.200000,2
2,0.200000,2
2,0.200000,2
2,0.200000,2
2,0.200000,2
2,0.200000,2
2,0.200000,2
2,0.200000,2
2,0.200000,2
2,0.200000,2
2,0.200000,2
2,0.200000,2
2,0.200000,2
2,0.200000,2
2,0.200000,2
2,0.200000,2
2,0.200000,2
2,0.200000,2
2,0.200000,2
2,0.200000,2
2,0.300000,2
2,0.300000,2
2,0.300000,2
2,0.300000,2
2,0.300000,2
2,0.300000,2
2,0.300000,2
2,0.300000,2
2,0.300000,2
2,0.300000,2
2,0.300000,2
2,0.300000,2
2,0.300000,2
2,0.300000,2
2,0.300000,2
2,0.300000,2
2,0.300000,2
2,0.300000,2
2,0.300000,2
2,0.300000,2
2,0.300000,2
2,0.300000,2
2,0.300000,2
2,0.300000,2
2,0.300000,2
2,0.300000,2
2,0.300000,2
2,0.300000,2
2,0.300000,2
2,0.300000,2
2,0.300000,2
2,0.300000,2
2,0.300000,2
2,0.300000,2
2,0.300000,2
2,0.300000,2
2,0.300000,2
2,0.300000,2
2,0.300000,2
2,0.300000,2
2,0.300000,2
2,0.300000,2
2,0.300000,2
2,0.300000,2
2,0.300000,2
2,0.300000,2
2,0.300000,2
2,0.300000,2
2,0.300000,2
2,0.300000,2
2,0.300000,2
2,0.300000,2
2,0.300000,2
2,0.300000,2
2,0.300000,2
2,0.300000,2
2,0.300000,2
2,0.300000,2
2,0.300000,2
2,0.300000,2
2,0.300000,2
2,0.300000,2
2,0.300000,2
2,0.300000,2
2,0.300000,2
2,0.300000,2
2,0.300000,2
2,0.300000,2
2,0.300000,2
2,0.300000,2
2,0.300000,2
2,0.300000,2
2,0.300000,2
2,0.300000,2
2,0.300000,2
2,0.300000,2
2,0.300000,2
2,0.300000,2
2,0.300000,2
2,0.300000,2
2,0.300000,2
2,0.300000,2
2,0.300000,2
2,0.300000,2
2,0.300000,2
2,0.300000,2
2,0.300000,2
2,0.300000,2
2,0.300000,2
2,0.300000,2
2,0.300000,2
2,0.300000,2
2,0.300000,2
2,0.300000,2
2,0.300000,2
2,0.300000,2
2,0.300000,2
2,0.300000,2
2,0.300000,2
2,0.300000,2
2,0.450000,2
2,0.450000,2
2,0.450000,2
2,0.450000,2
2,0.450000,2
2,0.450000,2
2,0.450000,2
2,0.450000,2
2,0.450000,2
2,0.450000,2
2,0.450000,2
2,0.450000,2
2,0.450000,2
2,0.450000,2
2,0.450000,2
2,0.450000,2
2,0.450000,2
2,0.450000,2
2,0.450000,2
2,0.450000,2
2,0.450000,2
2,0.450000,2
2,0.450000,2
2,0.450000,2
2,0.450000,2
2,0.450000,2
2,0.450000,2
2,0.450000,2
2,0.450000,2
2,0.450000,2
2,0.450000,2
2,0.450000,2
2,0.450000,2
2,0.450000,2
2,0.450000,2
2,0.450000,2
2,0.450000,2
2,0.450000,2
2,0.450000,2
2,0.450000,2
2,0.450000,2
2,0.450000,2
2,0.450000,2
2,0.450000,2
2,0.450000,2
2,0.450000,2
2,0.450000,2
2,0.450000,2
2,0.450000,2
2,0.450000,2
2,0.450000,2
2,0.450000,2
2,0.450000,2
2,0.450000,2
2,0.450000,2
2,0.450000,2
2,0.450000,2
2,0.450000,2
2,0.450000,2
2,0.450000,2
2,0.450000,2
2,0.450000,2
2,0.450000,2
2,0.450000,2
2,0.450000,2
2,0.450000,2
2,0.450000,2
2,0.450000,2
2,0.450000,2
2,0.450000,2
2,0.450000,2
2,0.450000,2
2,0.450000,2
2,0.450000,2
2,0.450000,2
2,0.450000,2
2,0.450000,2
2,0.450000,2
2,0.450000,2
2,0.450000,2
2,0.450000,2
2,0.450000,2
2,0.450000,2
2,0.450000,2
2,0.450000,2
2,0.450000,2
2,0.450000,2
2,0.450000,2
2,0.450000,2
2,0.450000,2
2,0.450000,2
2,0.450000,2
2,0.450000,2
2,0.450000,2
2,0.450000,2
2,0.450000,2
2,0.450000,2
2,0.450000,2
2,0.450000,2
2,0.450000,2
3,0.100000,3
3,0.100000,3
3,0.100000,3
3,0.100000,1
3,0.100000,3
3,0.100000,3
3,0.100000,3
3,0.100000,2
3,0.100000,3
3,0.100000,3
3,0.100000,3
3,0.100000,3
3,0.100000,3
3,0.100000,3
3,0.100000,2
3,0.100000,3
3,0.100000,3
3,0.100000,3
3,0.100000,1
3,0.100000,3
3,0.100000,2
3,0.100000,3
3,0.100000,3
3,0.100000,3
3,0.100000,3
3,0.100000,2
3,0.100000,3
3,0.100000,1
3,0.100000,3
3,0.100000,3
3,0.100000,3
3,0.100000,3
3,0.100000,3
3,0.100000,3
3,0.100000,3
3,0.100000,3
3,0.100000,3
3,0.100000,3
3,0.100000,3
3,0.100000,1
3,0.100000,3
3,0.100000,3
3,0.100000,1
3,0.100000,3
3,0.100000,3
3,0.100000,1
3,0.100000,1
3,0.100000,3
3,0.100000,3
3,0.100000,3
3,0.100000,3
3,0.100000,3
3,0.100000,1
3,0.100000,3
3,0.100000,3
3,0.100000,3
3,0.100000,2
3,0.100000,3
3,0.100000,3
3,0.100000,3
3,0.100000,3
3,0.100000,3
3,0.100000,3
3,0.100000,3
3,0.100000,3
3,0.100000,3
3,0.100000,3
3,0.100000,3
3,0.100000,2
3,0.100000,3
3,0.100000,3
3,0.100000,3
3,0.100000,3
3,0.100000,3
3,0.100000,2
3,0.100000,3
3,0.100000,3
3,0.100000,2
3,0.100000,3
3,0.100000,3
3,0.100000,3
3,0.100000,2
3,0.100000,3
3,0.100000,3
3,0.100000,3
3,0.100000,1
3,0.100000,3
3,0.100000,2
3,0.100000,2
3,0.100000,2
3,0.100000,3
3,0.100000,3
3,0.100000,3
3,0.100000,3
3,0.100000,3
3,0.100000,3
3,0.100000,3
3,0.100000,3
3,0.100000,3
3,0.100000,2
3,0.200000,3
3,0.200000,2
3,0.200000,2
3,0.200000,3
3,0.200000,1
3,0.200000,3
3,0.200000,2
3,0.200000,3
3,0.200000,2
3,0.200000,3
3,0.200000,3
3,0.200000,2
3,0.200000,2
3,0.200000,3
3,0.200000,2
3,0.200000,2
3,0.200000,2
3,0.200000,3
3,0.200000,2
3,0.200000,2
3,0.200000,1
3,0.200000,3
3,0.200000,3
3,0.200000,3
3,0.200000,3
3,0.200000,2
3,0.200000,2
3,0.200000,3
3,0.200000,2
3,0.200000,3
3,0.200000,3
3,0.200000,3
3,0.200000,3
3,0.200000,2
3,0.200000,2
3,0.200000,1
3,0.200000,2
3,0.200000,3
3,0.200000,2
3,0.200000,2
3,0.200000,2
3,0.200000,2
3,0.200000,2
3,0.200000,3
3,0.200000,2
3,0.200000,2
3,0.200000,2
3,0.200000,3
3,0.200000,3
3,0.200000,3
3,0.200000,3
3,0.200000,2
3,0.200000,2
3,0.200000,2
3,0.200000,2
3,0.200000,2
3,0.200000,3
3,0.200000,2
3,0.200000,2
3,0.200000,3
3,0.200000,2
3,0.200000,3
3,0.200000,3
3,0.200000,2
3,0.200000,3
3,0.200000,2
3,0.200000,2
3,0.200000,3
3,0.200000,2
3,0.200000,3
3,0.200000,2
3,0.200000,2
3,0.200000,1
3,0.200000,2
3,0.200000,3
3,0.200000,3
3,0.200000,2
3,0.200000,3
3,0.200000,2
3,0.200000,3
3,0.200000,2
3,0.200000,2
3,0.200000,2
3,0.200000,1
3,0.200000,2
3,0.200000,2
3,0.200000,1
3,0.200000,2
3,0.200000,2
3,0.200000,2
3,0.200000,3
3,0.200000,1
3,0.200000,3
3,0.200000,3
3,0.200000,3
3,0.200000,3
3,0.200000,2
3,0.200000,3
3,0.200000,2
3,0.200000,3
3,0.300000,2
3,0.300000,2
3,0.300000,2
3,0.300000,2
3,0.300000,3
3,0.300000,2
3,0.300000,3
3,0.300000,2
3,0.300000,3
3,0.300000,3
3,0.300000,2
3,0.300000,3
3,0.300000,2
3,0.300000,2
3,0.300000,2
3,0.300000,2
3,0.300000,3
3,0.300000,2
3,0.300000,3
3,0.300000,2
3,0.300000,2
3,0.300000,2
3,0.300000,2
3,0.300000,2
3,0.300000,2
3,0.300000,3
3,0.300000,3
3,0.300000,2
3,0.300000,3
3,0.300000,2
3,0.300000,2
3,0.300000,2
3,0.300000,3
3,0.300000,2
3,0.300000,2
3,0.300000,2
3,0.300000,3
3,0.300000,2
3,0.300000,2
3,0.300000,2
3,0.300000,2
3,0.300000,2
3,0.300000,2
3,0.300000,3
3,0.300000,2
3,0.300000,2
3,0.300000,2
3,0.300000,2
3,0.300000,2
3,0.300000,3
3,0.300000,2
3,0.300000,2
3,0.300000,2
3,0.300000,3
3,0.300000,2
3,0.300000,2
3,0.300000,3
3,0.300000,2
3,0.300000,2
3,0.300000,1
3,0.300000,2
3,0.300000,3
3,0.300000,2
3,0.300000,2
3,0.300000,1
3,0.300000,2
3,0.300000,3
3,0.300000,2
3,0.300000,2
3,0.300000,2
3,0.300000,3
3,0.300000,2
3,0.300000,2
3,0.300000,3
3,0.300000,3
3,0.300000,2
3,0.300000,2
3,0.300000,2
3,0.300000,3
3,0.300000,1
3,0.300000,2
3,0.300000,3
3,0.300000,2
3,0.300000,2
3,0.300000,1
3,0.300000,2
3,0.300000,2
3,0.300000,3
3,0.300000,2
3,0.300000,2
3,0.300000,2
3,0.300000,3
3,0.300000,2
3,0.300000,2
3,0.300000,2
3,0.300000,1
3,0.300000,2
3,0.300000,2
3,0.300000,3
3,0.300000,3
3,0.450000,1
3,0.450000,2
3,0.450000,2
3,0.450000,2
3,0.450000,2
3,0.450000,2
3,0.450000,2
3,0.450000,2
3,0.450000,2
3,0.450000,2
3,0.450000,2
3,0.450000,2
3,0.450000,2
3,0.450000,2
3,0.450000,2
3,0.450000,2
3,0.450000,2
3,0.450000,2
3,0.450000,2
3,0.450000,2
3,0.450000,2
3,0.450000,2
3,0.450000,2
3,0.450000,2
3,0.450000,2
3,0.450000,2
3,0.450000,2
3,0.450000,2
3,0.450000,2
3,0.450000,2
3,0.450000,2
3,0.450000,2
3,0.450000,2
3,0.450000,2
3,0.450000,2
3,0.450000,2
3,0.450000,2
3,0.450000,2
3,0.450000,2
3,0.450000,2
3,0.450000,2
3,0.450000,2
3,0.450000,2
3,0.450000,2
3,0.450000,2
3,0.450000,2
3,0.450000,2
3,0.450000,2
3,0.450000,2
3,0.450000,2
3,0.450000,2
3,0.450000,2
3,0.450000,2
3,0.450000,2
3,0.450000,2
3,0.450000,2
3,0.450000,2
3,0.450000,2
3,0.450000,2
3,0.450000,2
3,0.450000,2
3,0.450000,2
3,0.450000,3
3,0.450000,3
3,0.450000,2
3,0.450000,2
3,0.450000,2
3,0.450000,2
3,0.450000,2
3,0.450000,2
3,0.450000,2
3,0.450000,2
3,0.450000,2
3,0.450000,2
3,0.450000,2
3,0.450000,2
3,0.450000,2
3,0.450000,2
3,0.450000,2
3,0.450000,2
3,0.450000,2
3,0.450000,3
3,0.450000,2
3,0.450000,2
3,0.450000,2
3,0.450000,2
3,0.450000,2
3,0.450000,2
3,0.450000,2
3,0.450000,2
3,0.450000,2
3,0.450000,2
3,0.450000,2
3,0.450000,2
3,0.450000,2
3,0.450000,2
3,0.450000,2
3,0.450000,2
3,0.450000,2
3,0.450000,3
5,0.100000,2
5,0.100000,2
5,0.100000,5
5,0.100000,5
5,0.100000,4
5,0.100000,4
5,0.100000,3
5,0.100000,2
5,0.100000,2
5,0.100000,5
5,0.100000,2
5,0.100000,4
5,0.100000,2
5,0.100000,2
5,0.100000,5
5,0.100000,3
5,0.100000,3
5,0.100000,5
5,0.100000,2
5,0.100000,5
5,0.100000,3
5,0.100000,3
5,0.100000,3
5,0.100000,5
5,0.100000,4
5,0.100000,4
5,0.100000,4
5,0.100000,5
5,0.100000,5
5,0.100000,5
5,0.100000,4
5,0.100000,5
5,0.100000,5
5,0.100000,3
5,0.100000,5
5,0.100000,3
5,0.100000,4
5,0.100000,4
5,0.100000,3
5,0.100000,5
5,0.100000,5
5,0.100000,5
5,0.100000,4
5,0.100000,5
5,0.100000,2
5,0.100000,4
5,0.100000,2
5,0.100000,3
5,0.100000,3
5,0.100000,3
5,0.100000,3
5,0.100000,2
5,0.100000,5
5,0.100000,2
5,0.100000,2
5,0.100000,3
5,0.100000,5
5,0.100000,3
5,0.100000,5
5,0.100000,3
5,0.100000,3
5,0.100000,3
5,0.100000,3
5,0.100000,3
5,0.100000,3
5,0.100000,3
5,0.100000,4
5,0.100000,5
5,0.100000,3
5,0.100000,3
5,0.100000,5
5,0.100000,3
5,0.100000,5
5,0.100000,2
5,0.100000,5
5,0.100000,3
5,0.100000,2
5,0.100000,1
5,0.100000,3
5,0.100000,5
5,0.100000,2
5,0.100000,2
5,0.100000,2
5,0.100000,3
5,0.100000,5
5,0.100000,2
5,0.100000,4
5,0.100000,3
5,0.100000,3
5,0.100000,3
5,0.100000,3
5,0.100000,4
5,0.100000,3
5,0.100000,1
5,0.100000,5
5,0.100000,4
5,0.100000,5
5,0.100000,5
5,0.100000,2
5,0.100000,4
5,0.200000,2
5,0.200000,2
5,0.200000,2
5,0.200000,4
5,0.200000,3
5,0.200000,3
5,0.200000,4
5,0.200000,2
5,0.200000,3
5,0.200000,3
5,0.200000,0
5,0.200000,3
5,0.200000,2
5,0.200000,4
5,0.200000,2
5,0.200000,3
5,0.200000,2
5,0.200000,2
5,0.200000,2
5,0.200000,5
5,0.200000,3
5,0.200000,2
5,0.200000,2
5,0.200000,3
5,0.200000,3
5,0.200000,1
5,0.200000,2
5,0.200000,2
5,0.200000,2
5,0.200000,2
5,0.200000,2
5,0.200000,2
5,0.200000,4
5,0.200000,4
5,0.200000,2
5,0.200000,4
5,0.200000,2
5,0.200000,3
5,0.200000,3
5,0.200000,3
5,0.200000,3
5,0.200000,4
5,0.200000,3
5,0.200000,2
5,0.200000,2
5,0.200000,2
5,0.200000,2
5,0.200000,3
5,0.200000,2
5,0.200000,4
5,0.200000,2
5,0.200000,2
5,0.200000,3
5,0.200000,3
5,0.200000,2
5,0.200000,4
5,0.200000,2
5,0.200000,2
5,0.200000,3
5,0.200000,2
5,0.200000,2
5,0.200000,2
5,0.200000,2
5,0.200000,3
5,0.200000,3
5,0.200000,1
5,0.200000,5
5,0.200000,4
5,0.200000,3
5,0.200000,5
5,0.200000,2
5,0.200000,3
5,0.200000,2
5,0.200000,4
5,0.200000,3
5,0.200000,4
5,0.200000,5
5,0.200000,4
5,0.200000,4
5,0.200000,3
5,0.200000,2
5,0.200000,2
5,0.200000,2
5,0.200000,2
5,0.200000,2
5,0.200000,1
5,0.200000,3
5,0.200000,3
5,0.200000,2
5,0.200000,3
5,0.200000,1
5,0.200000,4
5,0.200000,4
5,0.200000,2
5,0.200000,2
5,0.200000,1
5,0.200000,4
5,0.200000,5
5,0.200000,2
5,0.200000,3
5,0.300000,2
5,0.300000,2
5,0.300000,1
5,0.300000,2
5,0.300000,3
5,0.300000,2
5,0.300000,3
5,0.300000,2
5,0.300000,2
5,0.300000,3
5,0.300000,2
5,0.300000,4
5,0.300000,1
5,0.300000,3
5,0.300000,3
5,0.300000,2
5,0.300000,2
5,0.300000,2
5,0.300000,2
5,0.300000,2
5,0.300000,2
5,0.300000,3
5,0.300000,1
5,0.300000,3
5,0.300000,2
5,0.300000,4
5,0.300000,2
5,0.300000,2
5,0.300000,2
5,0.300000,2
5,0.300000,2
5,0.300000,2
5,0.300000,2
5,0.300000,2
5,0.300000,2
5,0.300000,4
5,0.300000,5
5,0.300000,3
5,0.300000,3
5,0.300000,2
5,0.300000,5
5,0.300000,3
5,0.300000,3
5,0.300000,2
5,0.300000,2
5,0.300000,2
5,0.300000,3
5,0.300000,3
5,0.300000,3
5,0.300000,2
5,0.300000,3
5,0.300000,3
5,0.300000,2
5,0.300000,3
5,0.300000,3
5,0.300000,2
5,0.300000,2
5,0.300000,2
5,0.300000,3
5,0.300000,2
5,0.300000,2
5,0.300000,2
5,0.300000,2
5,0.300000,4
5,0.300000,2
5,0.300000,3
5,0.300000,3
5,0.300000,2
5,0.300000,4
5,0.300000,2
5,0.300000,2
5,0.300000,5
5,0.300000,2
5,0.300000,3
5,0.300000,3
5,0.300000,4
5,0.300000,2
5,0.300000,2
5,0.300000,3
5,0.300000,4
5,0.300000,4
5,0.300000,2
5,0.300000,3
5,0.300000,2
5,0.300000,3
5,0.300000,1
5,0.300000,4
5,0.300000,2
5,0.300000,2
5,0.300000,3
5,0.300000,2
5,0.300000,2
5,0.300000,2
5,0.300000,1
5,0.300000,1
5,0.300000,4
5,0.300000,2
5,0.300000,2
5,0.300000,2
5,0.300000,1
5,0.450000,2
5,0.450000,3
5,0.450000,2
5,0.450000,2
5,0.450000,2
5,0.450000,2
5,0.450000,3
5,0.450000,2
5,0.450000,2
5,0.450000,2
5,0.450000,2
5,0.450000,2
5,0.450000,3
5,0.450000,2
5,0.450000,2
5,0.450000,3
5,0.450000,2
5,0.450000,2
5,0.450000,2
5,0.450000,2
5,0.450000,2
5,0.450000,2
5,0.450000,2
5,0.450000,2
5,0.450000,3
5,0.450000,2
5,0.450000,2
5,0.450000,2
5,0.450000,2
5,0.450000,3
5,0.450000,2
5,0.450000,3
5,0.450000,2
5,0.450000,2
5,0.450000,2
5,0.450000,2
5,0.450000,2
5,0.450000,2
5,0.450000,2
5,0.450000,2
5,0.450000,2
5,0.450000,2
5,0.450000,2
5,0.450000,2
5,0.450000,2
5,0.450000,2
5,0.450000,3
5,0.450000,2
5,0.450000,2
5,0.450000,2
5,0.450000,2
5,0.450000,2
5,0.450000,5
5,0.450000,2
5,0.450000,2
5,0.450000,2
5,0.450000,2
5,0.450000,3
5,0.450000,2
5,0.450000,2
5,0.450000,2
5,0.450000,2
5,0.450000,2
5,0.450000,2
5,0.450000,2
5,0.450000,2
5,0.450000,2
5,0.450000,2
5,0.450000,2
5,0.450000,4
5,0.450000,3
5,0.450000,3
5,0.450000,2
5,0.450000,2
5,0.450000,2
5,0.450000,2
5,0.450000,2
5,0.450000,2
5,0.450000,2
5,0.450000,2
5,0.450000,2
5,0.450000,2
5,0.450000,3
5,0.450000,2
5,0.450000,3
5,0.450000,2
5,0.450000,0
5,0.450000,2
5,0.450000,2
5,0.450000,1
5,0.450000,2
5,0.450000,2
5,0.450000,2
5,0.450000,2
5,0.450000,3
5,0.450000,2
5,0.450000,2
5,0.450000,2
5,0.450000,2
5,0.450000,3
10,0.100000,5
10,0.100000,2
10,0.100000,5
10,0.100000,6
10,0.100000,4
10,0.100000,2
10,0.100000,4
10,0.100000,7
10,0.100000,4
10,0.100000,2
10,0.100000,4
10,0.100000,0
10,0.100000,2
10,0.100000,3
10,0.100000,4
10,0.100000,4
10,0.100000,4
10,0.100000,6
10,0.100000,5
10,0.100000,0
10,0.100000,6
10,0.100000,5
10,0.100000,4
10,0.100000,9
10,0.100000,2
10,0.100000,8
10,0.100000,5
10,0.100000,5
10,0.100000,5
10,0.100000,4
10,0.100000,3
10,0.100000,5
10,0.100000,3
10,0.100000,2
10,0.100000,5
10,0.100000,4
10,0.100000,3
10,0.100000,3
10,0.100000,3
10,0.100000,8
10,0.100000,9
10,0.100000,9
10,0.100000,4
10,0.100000,5
10,0.100000,8
10,0.100000,4
10,0.100000,4
10,0.100000,5
10,0.100000,5
10,0.100000,4
10,0.100000,6
10,0.100000,6
10,0.100000,3
10,0.100000,6
10,0.100000,6
10,0.100000,4
10,0.100000,4
10,0.100000,3
10,0.100000,5
10,0.100000,2
10,0.100000,4
10,0.100000,4
10,0.100000,8
10,0.100000,3
10,0.100000,6
10,0.100000,2
10,0.100000,1
10,0.100000,5
10,0.100000,6
10,0.100000,2
10,0.100000,5
10,0.100000,5
10,0.100000,8
10,0.100000,5
10,0.100000,7
10,0.100000,6
10,0.100000,7
10,0.100000,3
10,0.100000,3
10,0.100000,5
10,0.100000,8
10,0.100000,5
10,0.100000,4
10,0.100000,5
10,0.100000,0
10,0.100000,7
10,0.100000,6
10,0.100000,3
10,0.100000,2
10,0.100000,5
10,0.100000,8
10,0.100000,3
10,0.100000,7
10,0.100000,8
10,0.100000,3
10,0.100000,9
10,0.100000,8
10,0.100000,5
10,0.100000,3
10,0.100000,4
10,0.200000,2
10,0.200000,4
10,0.200000,2
10,0.200000,5
10,0.200000,3
10,0.200000,3
10,0.200000,4
10,0.200000,2
10,0.200000,4
10,0.200000,1
10,0.200000,6
10,0.200000,4
10,0.200000,1
10,0.200000,6
10,0.200000,2
10,0.200000,3
10,0.200000,2
10,0.200000,2
10,0.200000,6
10,0.200000,4
10,0.200000,4
10,0.200000,2
10,0.200000,4
10,0.200000,2
10,0.200000,0
10,0.200000,2
10,0.200000,1
10,0.200000,6
10,0.200000,9
10,0.200000,4
10,0.200000,4
10,0.200000,3
10,0.200000,3
10,0.200000,2
10,0.200000,0
10,0.200000,2
10,0.200000,4
10,0.200000,3
10,0.200000,6
10,0.200000,7
10,0.200000,3
10,0.200000,4
10,0.200000,2
10,0.200000,6
10,0.200000,2
10,0.200000,3
10,0.200000,3
10,0.200000,3
10,0.200000,3
10,0.200000,4
10,0.200000,4
10,0.200000,1
10,0.200000,2
10,0.200000,2
10,0.200000,3
10,0.200000,0
10,0.200000,3
10,0.200000,4
10,0.200000,3
10,0.200000,4
10,0.200000,4
10,0.200000,4
10,0.200000,2
10,0.200000,2
10,0.200000,2
10,0.200000,3
10,0.200000,3
10,0.200000,3
10,0.200000,2
10,0.200000,4
10,0.200000,2
10,0.200000,3
10,0.200000,4
10,0.200000,7
10,0.200000,4
10,0.200000,0
10,0.200000,5
10,0.200000,6
10,0.200000,5
10,0.200000,6
10,0.200000,4
10,0.200000,0
10,0.200000,4
10,0.200000,2
10,0.200000,2
10,0.200000,4
10,0.200000,2
10,0.200000,4
10,0.200000,2
10,0.200000,3
10,0.200000,4
10,0.200000,4
10,0.200000,3
10,0.200000,2
10,0.200000,1
10,0.200000,3
10,0.200000,4
10,0.200000,5
10,0.200000,8
10,0.200000,4
10,0.300000,0
10,0.300000,0
10,0.300000,1
10,0.300000,2
10,0.300000,3
10,0.300000,7
10,0.300000,0
10,0.300000,3
10,0.300000,0
10,0.300000,2
10,0.300000,3
10,0.300000,3
10,0.300000,4
10,0.300000,0
10,0.300000,8
10,0.300000,2
10,0.300000,2
10,0.300000,2
10,0.300000,3
10,0.300000,0
10,0.300000,4
10,0.300000,3
10,0.300000,0
10,0.300000,4
10,0.300000,0
10,0.300000,3
10,0.300000,2
10,0.300000,2
10,0.300000,0
10,0.300000,0
10,0.300000,2
10,0.300000,4
10,0.300000,3
10,0.300000,3
10,0.300000,2
10,0.300000,3
10,0.300000,3
10,0.300000,2
10,0.300000,0
10,0.300000,4
10,0.300000,3
10,0.300000,1
10,0.300000,0
10,0.300000,3
10,0.300000,1
10,0.300000,3
10,0.300000,2
10,0.300000,3
10,0.300000,5
10,0.300000,0
10,0.300000,2
10,0.300000,2
10,0.300000,2
10,0.300000,2
10,0.300000,2
10,0.300000,0
10,0.300000,4
10,0.300000,4
10,0.300000,3
10,0.300000,3
10,0.300000,2
10,0.300000,3
10,0.300000,2
10,0.300000,9
10,0.300000,1
10,0.300000,2
10,0.300000,3
10,0.300000,3
10,0.300000,4
10,0.300000,2
10,0.300000,3
10,0.300000,5
10,0.300000,3
10,0.300000,3
10,0.300000,0
10,0.300000,3
10,0.300000,3
10,0.300000,1
10,0.300000,5
10,0.300000,3
10,0.300000,2
10,0.300000,0
10,0.300000,3
10,0.300000,4
10,0.300000,2
10,0.300000,2
10,0.300000,2
10,0.300000,3
10,0.300000,0
10,0.300000,2
10,0.300000,3
10,0.300000,0
10,0.300000,1
10,0.300000,0
10,0.300000,3
10,0.300000,4
10,0.300000,2
10,0.300000,2
10,0.300000,0
10,0.300000,3
10,0.450000,2
10,0.450000,2
10,0.450000,2
10,0.450000,2
10,0.450000,2
10,0.450000,2
10,0.450000,2
10,0.450000,7
10,0.450000,0
10,0.450000,2
10,0.450000,2
10,0.450000,2
10,0.450000,2
10,0.450000,2
10,0.450000,2
10,0.450000,4
10,0.450000,2
10,0.450000,2
10,0.450000,2
10,0.450000,2
10,0.450000,2
10,0.450000,2
10,0.450000,0
10,0.450000,3
10,0.450000,3
10,0.450000,2
10,0.450000,0
10,0.450000,2
10,0.450000,2
10,0.450000,2
10,0.450000,2
10,0.450000,2
10,0.450000,2
10,0.450000,2
10,0.450000,2
10,0.450000,3
10,0.450000,2
10,0.450000,2
10,0.450000,2
10,0.450000,0
10,0.450000,2
10,0.450000,2
10,0.450000,2
10,0.450000,2
10,0.450000,2
10,0.450000,2
10,0.450000,2
10,0.450000,2
10,0.450000,2
10,0.450000,2
10,0.450000,2
10,0.450000,2
10,0.450000,2
10,0.450000,2
10,0.450000,2
10,0.450000,0
10,0.450000,3
10,0.450000,3
10,0.450000,2
10,0.450000,2
10,0.450000,3
10,0.450000,2
10,0.450000,2
10,0.450000,2
10,0.450000,2
10,0.450000,2
10,0.450000,2
10,0.450000,2
10,0.450000,2
10,0.450000,2
10,0.450000,3
10,0.450000,2
10,0.450000,3
10,0.450000,2
10,0.450000,3
10,0.450000,2
10,0.450000,2
10,0.450000,2
10,0.450000,4
10,0.450000,2
10,0.450000,5
10,0.450000,2
10,0.450000,2
10,0.450000,4
10,0.450000,2
10,0.450000,3
10,0.450000,2
10,0.450000,2
10,0.450000,3
10,0.450000,2
10,0.450000,0
10,0.450000,2
10,0.450000,2
10,0.450000,2
10,0.450000,2
10,0.450000,2
10,0.450000,2
10,0.450000,3
10,0.450000,2
10,0.450000,2
15,0.100000,3
15,0.100000,3
15,0.100000,8
15,0.100000,5
15,0.100000,2
15,0.100000,9
15,0.100000,10
15,0.100000,3
15,0.100000,12
15,0.100000,8
15,0.100000,5
15,0.100000,9
15,0.100000,9
15,0.100000,5
15,0.100000,6
15,0.100000,4
15,0.100000,2
15,0.100000,5
15,0.100000,1
15,0.100000,5
15,0.100000,5
15,0.100000,8
15,0.100000,9
15,0.100000,1
15,0.100000,7
15,0.100000,3
15,0.100000,5
15,0.100000,8
15,0.100000,3
15,0.100000,1
15,0.100000,5
15,0.100000,7
15,0.100000,9
15,0.100000,6
15,0.100000,5
15,0.100000,4
15,0.100000,2
15,0.100000,12
15,0.100000,5
15,0.100000,7
15,0.100000,6
15,0.100000,3
15,0.100000,7
15,0.100000,7
15,0.100000,1
15,0.100000,4
15,0.100000,3
15,0.100000,2
15,0.100000,4
15,0.100000,6
15,0.100000,1
15,0.100000,11
15,0.100000,1
15,0.100000,10
15,0.100000,5
15,0.100000,4
15,0.100000,0
15,0.100000,3
15,0.100000,4
15,0.100000,6
15,0.100000,5
15,0.100000,5
15,0.100000,3
15,0.100000,7
15,0.100000,5
15,0.100000,3
15,0.100000,4
15,0.100000,7
15,0.100000,9
15,0.100000,5
15,0.100000,7
15,0.100000,3
15,0.100000,6
15,0.100000,9
15,0.100000,5
15,0.100000,8
15,0.100000,6
15,0.100000,4
15,0.100000,3
15,0.100000,6
15,0.100000,11
15,0.100000,4
15,0.100000,5
15,0.100000,12
15,0.100000,3
15,0.100000,2
15,0.100000,4
15,0.100000,0
15,0.100000,7
15,0.100000,8
15,0.100000,6
15,0.100000,7
15,0.100000,6
15,0.100000,12
15,0.100000,4
15,0.100000,6
15,0.100000,3
15,0.100000,4
15,0.100000,4
15,0.100000,5
15,0.200000,0
15,0.200000,0
15,0.200000,3
15,0.200000,3
15,0.200000,4
15,0.200000,4
15,0.200000,0
15,0.200000,2
15,0.200000,0
15,0.200000,3
15,0.200000,3
15,0.200000,2
15,0.200000,3
15,0.200000,3
15,0.200000,4
15,0.200000,5
15,0.200000,2
15,0.200000,5
15,0.200000,2
15,0.200000,2
15,0.200000,1
15,0.200000,2
15,0.200000,2
15,0.200000,7
15,0.200000,2
15,0.200000,4
15,0.200000,0
15,0.200000,1
15,0.200000,4
15,0.200000,3
15,0.200000,13
15,0.200000,4
15,0.200000,10
15,0.200000,3
15,0.200000,6
15,0.200000,4
15,0.200000,4
15,0.200000,4
15,0.200000,7
15,0.200000,1
15,0.200000,3
15,0.200000,3
15,0.200000,0
15,0.200000,0
15,0.200000,1
15,0.200000,7
15,0.200000,8
15,0.200000,2
15,0.200000,3
15,0.200000,3
15,0.200000,4
15,0.200000,6
15,0.200000,11
15,0.200000,11
15,0.200000,4
15,0.200000,1
15,0.200000,4
15,0.200000,1
15,0.200000,1
15,0.200000,13
15,0.200000,2
15,0.200000,2
15,0.200000,9
15,0.200000,6
15,0.200000,0
15,0.200000,2
15,0.200000,4
15,0.200000,6
15,0.200000,3
15,0.200000,2
15,0.200000,0
15,0.200000,5
15,0.200000,0
15,0.200000,2
15,0.200000,8
15,0.200000,3
15,0.200000,3
15,0.200000,0
15,0.200000,0
15,0.200000,0
15,0.200000,5
15,0.200000,1
15,0.200000,7
15,0.200000,0
15,0.200000,11
15,0.200000,0
15,0.200000,3
15,0.200000,2
15,0.200000,3
15,0.200000,6
15,0.200000,6
15,0.200000,2
15,0.200000,5
15,0.200000,3
15,0.200000,4
15,0.200000,8
15,0.200000,3
15,0.200000,4
15,0.200000,0
15,0.200000,4
15,0.300000,2
15,0.300000,2
15,0.300000,12
15,0.300000,8
15,0.300000,2
15,0.300000,0
15,0.300000,3
15,0.300000,0
15,0.300000,2
15,0.300000,3
15,0.300000,0
15,0.300000,0
15,0.300000,0
15,0.300000,0
15,0.300000,12
15,0.300000,3
15,0.300000,2
15,0.300000,2
15,0.300000,1
15,0.300000,3
15,0.300000,3
15,0.300000,2
15,0.300000,12
15,0.300000,0
15,0.300000,3
15,0.300000,3
15,0.300000,2
15,0.300000,4
15,0.300000,0
15,0.300000,2
15,0.300000,3
15,0.300000,2
15,0.300000,2
15,0.300000,2
15,0.300000,0
15,0.300000,0
15,0.300000,15
15,0.300000,2
15,0.300000,0
15,0.300000,3
15,0.300000,4
15,0.300000,2
15,0.300000,4
15,0.300000,0
15,0.300000,3
15,0.300000,0
15,0.300000,2
15,0.300000,3
15,0.300000,4
15,0.300000,0
15,0.300000,0
15,0.300000,3
15,0.300000,0
15,0.300000,2
15,0.300000,10
15,0.300000,4
15,0.300000,0
15,0.300000,13
15,0.300000,3
15,0.300000,0
15,0.300000,1
15,0.300000,2
15,0.300000,10
15,0.300000,7
15,0.300000,0
15,0.300000,2
15,0.300000,3
15,0.300000,2
15,0.300000,0
15,0.300000,2
15,0.300000,0
15,0.300000,2
15,0.300000,0
15,0.300000,0
15,0.300000,0
15,0.300000,4
15,0.300000,0
15,0.300000,2
15,0.300000,10
15,0.300000,1
15,0.300000,0
15,0.300000,3
15,0.300000,0
15,0.300000,0
15,0.300000,2
15,0.300000,0
15,0.300000,3
15,0.300000,1
15,0.300000,2
15,0.300000,10
15,0.300000,0
15,0.300000,3
15,0.300000,2
15,0.300000,2
15,0.300000,0
15,0.300000,0
15,0.300000,3
15,0.300000,0
15,0.300000,2
15,0.300000,4
15,0.450000,0
15,0.450000,2
15,0.450000,4
15,0.450000,11
15,0.450000,0
15,0.450000,11
15,0.450000,2
15,0.450000,2
15,0.450000,2
15,0.450000,2
15,0.450000,2
15,0.450000,2
15,0.450000,2
15,0.450000,0
15,0.450000,0
15,0.450000,2
15,0.450000,2
15,0.450000,0
15,0.450000,2
15,0.450000,2
15,0.450000,2
15,0.450000,0
15,0.450000,1
15,0.450000,0
15,0.450000,2
15,0.450000,2
15,0.450000,3
15,0.450000,2
15,0.450000,2
15,0.450000,2
15,0.450000,2
15,0.450000,2
15,0.450000,2
15,0.450000,2
15,0.450000,0
15,0.450000,0
15,0.450000,2
15,0.450000,2
15,0.450000,2
15,0.450000,0
15,0.450000,0
15,0.450000,2
15,0.450000,12
15,0.450000,0
15,0.450000,2
15,0.450000,2
15,0.450000,2
15,0.450000,0
15,0.450000,0
15,0.450000,2
15,0.450000,3
15,0.450000,2
15,0.450000,8
15,0.450000,0
15,0.450000,11
15,0.450000,0
15,0.450000,2
15,0.450000,2
15,0.450000,2
15,0.450000,0
15,0.450000,12
15,0.450000,2
15,0.450000,0
15,0.450000,0
15,0.450000,2
15,0.450000,2
15,0.450000,10
15,0.450000,0
15,0.450000,2
15,0.450000,12
15,0.450000,7
15,0.450000,2
15,0.450000,10
15,0.450000,5
15,0.450000,10
15,0.450000,0
15,0.450000,0
15,0.450000,0
15,0.450000,0
15,0.450000,11
15,0.450000,2
15,0.450000,2
15,0.450000,2
15,0.450000,2
15,0.450000,0
15,0.450000,0
15,0.450000,0
15,0.450000,2
15,0.450000,2
15,0.450000,2
15,0.450000,2
15,0.450000,2
15,0.450000,2
15,0.450000,0
15,0.450000,8
15,0.450000,13
15,0.450000,2
15,0.450000,2
15,0.450000,2
15,0.450000,10
20,0.100000,9
20,0.100000,6
20,0.100000,4
20,0.100000,6
20,0.100000,18
20,0.100000,3
20,0.100000,0
20,0.100000,10
20,0.100000,2
20,0.100000,3
20,0.100000,0
20,0.100000,4
20,0.100000,3
20,0.100000,4
20,0.100000,8
20,0.100000,13
20,0.100000,3
20,0.100000,5
20,0.100000,8
20,0.100000,6
20,0.100000,6
20,0.100000,6
20,0.100000,2
20,0.100000,8
20,0.100000,3
20,0.100000,0
20,0.100000,2
20,0.100000,7
20,0.100000,6
20,0.100000,3
20,0.100000,6
20,0.100000,9
20,0.100000,5
20,0.100000,7
20,0.100000,8
20,0.100000,5
20,0.100000,5
20,0.100000,13
20,0.100000,5
20,0.100000,6
20,0.100000,7
20,0.100000,7
20,0.100000,6
20,0.100000,8
20,0.100000,1
20,0.100000,6
20,0.100000,8
20,0.100000,8
20,0.100000,3
20,0.100000,6
20,0.100000,6
20,0.100000,2
20,0.100000,7
20,0.100000,3
20,0.100000,9
20,0.100000,7
20,0.100000,1
20,0.100000,5
20,0.100000,7
20,0.100000,4
20,0.100000,7
20,0.100000,5
20,0.100000,6
20,0.100000,3
20,0.100000,1
20,0.100000,5
20,0.100000,1
20,0.100000,9
20,0.100000,6
20,0.100000,13
20,0.100000,2
20,0.100000,4
20,0.100000,9
20,0.100000,13
20,0.100000,3
20,0.100000,7
20,0.100000,6
20,0.100000,3
20,0.100000,5
20,0.100000,5
20,0.100000,9
20,0.100000,3
20,0.100000,1
20,0.100000,10
20,0.100000,4
20,0.100000,4
20,0.100000,5
20,0.100000,6
20,0.100000,3
20,0.100000,2
20,0.100000,3
20,0.100000,4
20,0.100000,1
20,0.100000,6
20,0.100000,5
20,0.100000,4
20,0.100000,3
20,0.100000,0
20,0.100000,10
20,0.100000,4
20,0.200000,0
20,0.200000,19
20,0.200000,5
20,0.200000,2
20,0.200000,13
20,0.200000,4
20,0.200000,2
20,0.200000,8
20,0.200000,6
20,0.200000,5
20,0.200000,2
20,0.200000,16
20,0.200000,0
20,0.200000,3
20,0.200000,0
20,0.200000,2
20,0.200000,11
20,0.200000,0
20,0.200000,0
20,0.200000,0
20,0.200000,3
20,0.200000,2
20,0.200000,2
20,0.200000,0
20,0.200000,3
20,0.200000,1
20,0.200000,3
20,0.200000,0
20,0.200000,4
20,0.200000,0
20,0.200000,2
20,0.200000,0
20,0.200000,0
20,0.200000,7
20,0.200000,3
20,0.200000,3
20,0.200000,1
20,0.200000,4
20,0.200000,3
20,0.200000,7
20,0.200000,5
20,0.200000,19
20,0.200000,0
20,0.200000,5
20,0.200000,2
20,0.200000,0
20,0.200000,4
20,0.200000,0
20,0.200000,0
20,0.200000,2
20,0.200000,2
20,0.200000,0
20,0.200000,0
20,0.200000,10
20,0.200000,0
20,0.200000,4
20,0.200000,4
20,0.200000,0
20,0.200000,2
20,0.200000,3
20,0.200000,3
20,0.200000,0
20,0.200000,3
20,0.200000,5
20,0.200000,3
20,0.200000,3
20,0.200000,1
20,0.200000,5
20,0.200000,7
20,0.200000,3
20,0.200000,3
20,0.200000,12
20,0.200000,0
20,0.200000,0
20,0.200000,6
20,0.200000,2
20,0.200000,8
20,0.200000,9
20,0.200000,2
20,0.200000,1
20,0.200000,16
20,0.200000,3
20,0.200000,0
20,0.200000,0
20,0.200000,0
20,0.200000,0
20,0.200000,2
20,0.200000,11
20,0.200000,4
20,0.200000,15
20,0.200000,3
20,0.200000,0
20,0.200000,0
20,0.200000,2
20,0.200000,2
20,0.200000,1
20,0.200000,0
20,0.200000,5
20,0.200000,3
20,0.200000,2
20,0.300000,0
20,0.300000,7
20,0.300000,11
20,0.300000,3
20,0.300000,2
20,0.300000,2
20,0.300000,0
20,0.300000,1
20,0.300000,2
20,0.300000,4
20,0.300000,0
20,0.300000,16
20,0.300000,0
20,0.300000,0
20,0.300000,3
20,0.300000,14
20,0.300000,3
20,0.300000,10
20,0.300000,0
20,0.300000,1
20,0.300000,0
20,0.300000,4
20,0.300000,0
20,0.300000,2
20,0.300000,0
20,0.300000,2
20,0.300000,0
20,0.300000,17
20,0.300000,2
20,0.300000,2
20,0.300000,15
20,0.300000,0
20,0.300000,2
20,0.300000,4
20,0.300000,2
20,0.300000,9
20,0.300000,5
20,0.300000,2
20,0.300000,0
20,0.300000,14
20,0.300000,2
20,0.300000,9
20,0.300000,5
20,0.300000,12
20,0.300000,0
20,0.300000,0
20,0.300000,2
20,0.300000,13
20,0.300000,3
20,0.300000,11
20,0.300000,1
20,0.300000,2
20,0.300000,2
20,0.300000,20
20,0.300000,11
20,0.300000,0
20,0.300000,2
20,0.300000,2
20,0.300000,3
20,0.300000,3
20,0.300000,0
20,0.300000,17
20,0.300000,2
20,0.300000,4
20,0.300000,1
20,0.300000,0
20,0.300000,0
20,0.300000,14
20,0.300000,2
20,0.300000,18
20,0.300000,3
20,0.300000,0
20,0.300000,13
20,0.300000,0
20,0.300000,4
20,0.300000,3
20,0.300000,2
20,0.300000,7
20,0.300000,2
20,0.300000,2
20,0.300000,0
20,0.300000,3
20,0.300000,12
20,0.300000,2
20,0.300000,0
20,0.300000,12
20,0.300000,0
20,0.300000,3
20,0.300000,0
20,0.300000,2
20,0.300000,17
20,0.300000,0
20,0.300000,0
20,0.300000,0
20,0.300000,3
20,0.300000,0
20,0.300000,0
20,0.300000,2
20,0.300000,16
20,0.300000,0
20,0.450000,18
20,0.450000,16
20,0.450000,19
20,0.450000,0
20,0.450000,13
20,0.450000,18
20,0.450000,15
20,0.450000,13
20,0.450000,0
20,0.450000,2
20,0.450000,18
20,0.450000,2
20,0.450000,18
20,0.450000,3
20,0.450000,17
20,0.450000,2
20,0.450000,2
20,0.450000,0
20,0.450000,18
20,0.450000,2
20,0.450000,0
20,0.450000,16
20,0.450000,0
20,0.450000,0
20,0.450000,14
20,0.450000,19
20,0.450000,19
20,0.450000,2
20,0.450000,2
20,0.450000,15
20,0.450000,18
20,0.450000,2
20,0.450000,15
20,0.450000,10
20,0.450000,17
20,0.450000,14
20,0.450000,18
20,0.450000,18
20,0.450000,2
20,0.450000,14
20,0.450000,16
20,0.450000,19
20,0.450000,15
20,0.450000,14
20,0.450000,2
20,0.450000,2
20,0.450000,18
20,0.450000,2
20,0.450000,0
20,0.450000,17
20,0.450000,18
20,0.450000,2
20,0.450000,18
20,0.450000,17
20,0.450000,2
20,0.450000,2
20,0.450000,2
20,0.450000,18
20,0.450000,19
20,0.450000,12
20,0.450000,19
20,0.450000,0
20,0.450000,11
20,0.450000,2
20,0.450000,18
20,0.450000,3
20,0.450000,14
20,0.450000,2
20,0.450000,0
20,0.450000,2
20,0.450000,2
20,0.450000,2
20,0.450000,0
20,0.450000,12
20,0.450000,16
20,0.450000,0
20,0.450000,18
20,0.450000,0
20,0.450000,19
20,0.450000,2
20,0.450000,0
20,0.450000,18
20,0.450000,2
20,0.450000,2
20,0.450000,2
20,0.450000,2
20,0.450000,2
20,0.450000,19
20,0.450000,14
20,0.450000,8
20,0.450000,17
20,0.450000,0
20,0.450000,0
20,0.450000,0
20,0.450000,2
20,0.450000,18
20,0.450000,0
20,0.450000,2
20,0.450000,17
20,0.450000,15
25,0.100000,8
25,0.100000,16
25,0.100000,4
25,0.100000,11
25,0.100000,4
25,0.100000,1
25,0.100000,8
25,0.100000,6
25,0.100000,18
25,0.100000,9
25,0.100000,12
25,0.100000,11
25,0.100000,8
25,0.100000,3
25,0.100000,7
25,0.100000,9
25,0.100000,2
25,0.100000,9
25,0.100000,2
25,0.100000,5
25,0.100000,8
25,0.100000,3
25,0.100000,6
25,0.100000,12
25,0.100000,4
25,0.100000,1
25,0.100000,5
25,0.100000,2
25,0.100000,12
25,0.100000,2
25,0.100000,5
25,0.100000,7
25,0.100000,23
25,0.100000,17
25,0.100000,2
25,0.100000,7
25,0.100000,18
25,0.100000,13
25,0.100000,7
25,0.100000,4
25,0.100000,3
25,0.100000,5
25,0.100000,1
25,0.100000,4
25,0.100000,10
25,0.100000,8
25,0.100000,5
25,0.100000,8
25,0.100000,8
25,0.100000,2
25,0.100000,5
25,0.100000,4
25,0.100000,8
25,0.100000,4
25,0.100000,6
25,0.100000,5
25,0.100000,5
25,0.100000,7
25,0.100000,6
25,0.100000,8
25,0.100000,13
25,0.100000,12
25,0.100000,4
25,0.100000,4
25,0.100000,6
25,0.100000,7
25,0.100000,11
25,0.100000,7
25,0.100000,6
25,0.100000,2
25,0.100000,4
25,0.100000,3
25,0.100000,4
25,0.100000,3
25,0.100000,10
25,0.100000,20
25,0.100000,0
25,0.100000,4
25,0.100000,2
25,0.100000,6
25,0.100000,9
25,0.100000,3
25,0.100000,2
25,0.100000,10
25,0.100000,3
25,0.100000,4
25,0.100000,11
25,0.100000,19
25,0.100000,5
25,0.100000,3
25,0.100000,7
25,0.100000,0
25,0.100000,3
25,0.100000,2
25,0.100000,14
25,0.100000,3
25,0.100000,9
25,0.100000,16
25,0.100000,6
25,0.100000,6
25,0.200000,0
25,0.200000,3
25,0.200000,5
25,0.200000,6
25,0.200000,3
25,0.200000,2
25,0.200000,7
25,0.200000,0
25,0.200000,6
25,0.200000,7
25,0.200000,15
25,0.200000,10
25,0.200000,2
25,0.200000,12
25,0.200000,3
25,0.200000,2
25,0.200000,0
25,0.200000,8
25,0.200000,8
25,0.200000,22
25,0.200000,2
25,0.200000,4
25,0.200000,13
25,0.200000,0
25,0.200000,12
25,0.200000,3
25,0.200000,6
25,0.200000,0
25,0.200000,3
25,0.200000,3
25,0.200000,1
25,0.200000,2
25,0.200000,3
25,0.200000,6
25,0.200000,2
25,0.200000,17
25,0.200000,1
25,0.200000,18
25,0.200000,0
25,0.200000,5
25,0.200000,0
25,0.200000,0
25,0.200000,0
25,0.200000,8
25,0.200000,2
25,0.200000,2
25,0.200000,2
25,0.200000,2
25,0.200000,0
25,0.200000,3
25,0.200000,7
25,0.200000,2
25,0.200000,10
25,0.200000,9
25,0.200000,5
25,0.200000,0
25,0.200000,2
25,0.200000,2
25,0.200000,4
25,0.200000,0
25,0.200000,0
25,0.200000,11
25,0.200000,8
25,0.200000,2
25,0.200000,6
25,0.200000,1
25,0.200000,2
25,0.200000,0
25,0.200000,11
25,0.200000,2
25,0.200000,0
25,0.200000,8
25,0.200000,8
25,0.200000,3
25,0.200000,8
25,0.200000,0
25,0.200000,23
25,0.200000,0
25,0.200000,8
25,0.200000,0
25,0.200000,20
25,0.200000,2
25,0.200000,2
25,0.200000,15
25,0.200000,23
25,0.200000,4
25,0.200000,23
25,0.200000,4
25,0.200000,0
25,0.200000,3
25,0.200000,5
25,0.200000,19
25,0.200000,5
25,0.200000,2
25,0.200000,13
25,0.200000,4
25,0.200000,4
25,0.200000,2
25,0.200000,0
25,0.200000,2
25,0.300000,2
25,0.300000,0
25,0.300000,5
25,0.300000,17
25,0.300000,3
25,0.300000,13
25,0.300000,20
25,0.300000,0
25,0.300000,24
25,0.300000,2
25,0.300000,25
25,0.300000,0
25,0.300000,2
25,0.300000,5
25,0.300000,0
25,0.300000,17
25,0.300000,0
25,0.300000,4
25,0.300000,2
25,0.300000,3
25,0.300000,22
25,0.300000,1
25,0.300000,4
25,0.300000,0
25,0.300000,1
25,0.300000,2
25,0.300000,22
25,0.300000,16
25,0.300000,21
25,0.300000,5
25,0.300000,0
25,0.300000,0
25,0.300000,18
25,0.300000,4
25,0.300000,13
25,0.300000,0
25,0.300000,0
25,0.300000,0
25,0.300000,2
25,0.300000,3
25,0.300000,25
25,0.300000,11
25,0.300000,2
25,0.300000,24
25,0.300000,0
25,0.300000,2
25,0.300000,2
25,0.300000,1
25,0.300000,0
25,0.300000,0
25,0.300000,2
25,0.300000,0
25,0.300000,0
25,0.300000,2
25,0.300000,12
25,0.300000,12
25,0.300000,5
25,0.300000,2
25,0.300000,1
25,0.300000,0
25,0.300000,0
25,0.300000,0
25,0.300000,2
25,0.300000,2
25,0.300000,15
25,0.300000,0
25,0.300000,2
25,0.300000,0
25,0.300000,0
25,0.300000,0
25,0.300000,16
25,0.300000,3
25,0.300000,11
25,0.300000,3
25,0.300000,0
25,0.300000,2
25,0.300000,3
25,0.300000,7
25,0.300000,0
25,0.300000,0
25,0.300000,1
25,0.300000,2
25,0.300000,3
25,0.300000,0
25,0.300000,0
25,0.300000,2
25,0.300000,13
25,0.300000,0
25,0.300000,0
25,0.300000,2
25,0.300000,21
25,0.300000,0
25,0.300000,10
25,0.300000,5
25,0.300000,2
25,0.300000,2
25,0.300000,20
25,0.300000,14
25,0.300000,2
25,0.300000,7
25,0.450000,23
25,0.450000,0
25,0.450000,2
25,0.450000,22
25,0.450000,3
25,0.450000,25
25,0.450000,2
25,0.450000,24
25,0.450000,20
25,0.450000,24
25,0.450000,20
25,0.450000,23
25,0.450000,25
25,0.450000,21
25,0.450000,24
25,0.450000,25
25,0.450000,2
25,0.450000,23
25,0.450000,25
25,0.450000,21
25,0.450000,17
25,0.450000,2
25,0.450000,1
25,0.450000,25
25,0.450000,2
25,0.450000,2
25,0.450000,24
25,0.450000,25
25,0.450000,2
25,0.450000,24
25,0.450000,24
25,0.450000,1
25,0.450000,2
25,0.450000,22
25,0.450000,24
25,0.450000,20
25,0.450000,2
25,0.450000,22
25,0.450000,0
25,0.450000,0
25,0.450000,25
25,0.450000,22
25,0.450000,23
25,0.450000,21
25,0.450000,24
25,0.450000,23
25,0.450000,21
25,0.450000,2
25,0.450000,8
25,0.450000,23
25,0.450000,24
25,0.450000,25
25,0.450000,2
25,0.450000,22
25,0.450000,2
25,0.450000,2
25,0.450000,25
25,0.450000,24
25,0.450000,24
25,0.450000,24
25,0.450000,0
25,0.450000,22
25,0.450000,2
25,0.450000,20
25,0.450000,20
25,0.450000,0
25,0.450000,24
25,0.450000,2
25,0.450000,2
25,0.450000,4
25,0.450000,25
25,0.450000,23
25,0.450000,3
25,0.450000,20
25,0.450000,0
25,0.450000,2
25,0.450000,25
25,0.450000,21
25,0.450000,0
25,0.450000,24
25,0.450000,25
25,0.450000,24
25,0.450000,2
25,0.450000,24
25,0.450000,2
25,0.450000,23
25,0.450000,18
25,0.450000,2
25,0.450000,20
25,0.450000,22
25,0.450000,3
25,0.450000,2
25,0.450000,24
25,0.450000,25
25,0.450000,2
25,0.450000,21
25,0.450000,23
25,0.450000,24
25,0.450000,23
25,0.450000,4
30,0.100000,3
30,0.100000,0
30,0.100000,3
30,0.100000,4
30,0.100000,6
30,0.100000,2
30,0.100000,6
30,0.100000,2
30,0.100000,6
30,0.100000,2
30,0.100000,3
30,0.100000,3
30,0.100000,4
30,0.100000,3
30,0.100000,6
30,0.100000,4
30,0.100000,8
30,0.100000,3
30,0.100000,1
30,0.100000,2
30,0.100000,11
30,0.100000,9
30,0.100000,5
30,0.100000,5
30,0.100000,10
30,0.100000,10
30,0.100000,22
30,0.100000,3
30,0.100000,12
30,0.100000,1
30,0.100000,12
30,0.100000,3
30,0.100000,9
30,0.100000,2
30,0.100000,12
30,0.100000,7
30,0.100000,8
30,0.100000,4
30,0.100000,1
30,0.100000,4
30,0.100000,8
30,0.100000,1
30,0.100000,2
30,0.100000,4
30,0.100000,7
30,0.100000,3
30,0.100000,3
30,0.100000,12
30,0.100000,7
30,0.100000,7
30,0.100000,11
30,0.100000,4
30,0.100000,10
30,0.100000,3
30,0.100000,2
30,0.100000,6
30,0.100000,2
30,0.100000,5
30,0.100000,7
30,0.100000,6
30,0.100000,9
30,0.100000,3
30,0.100000,10
30,0.100000,6
30,0.100000,2
30,0.100000,3
30,0.100000,12
30,0.100000,13
30,0.100000,10
30,0.100000,15
30,0.100000,4
30,0.100000,22
30,0.100000,3
30,0.100000,4
30,0.100000,6
30,0.100000,8
30,0.100000,3
30,0.100000,11
30,0.100000,4
30,0.100000,14
30,0.100000,3
30,0.100000,3
30,0.100000,7
30,0.100000,2
30,0.100000,4
30,0.100000,0
30,0.100000,3
30,0.100000,13
30,0.100000,11
30,0.100000,0
30,0.100000,16
30,0.100000,15
30,0.100000,2
30,0.100000,8
30,0.100000,4
30,0.100000,3
30,0.100000,15
30,0.100000,6
30,0.100000,13
30,0.100000,13
30,0.200000,4
30,0.200000,3
30,0.200000,8
30,0.200000,2
30,0.200000,0
30,0.200000,2
30,0.200000,2
30,0.200000,1
30,0.200000,8
30,0.200000,1
30,0.200000,2
30,0.200000,0
30,0.200000,6
30,0.200000,0
30,0.200000,2
30,0.200000,5
30,0.200000,28
30,0.200000,8
30,0.200000,6
30,0.200000,3
30,0.200000,4
30,0.200000,9
30,0.200000,0
30,0.200000,10
30,0.200000,12
30,0.200000,2
30,0.200000,0
30,0.200000,12
30,0.200000,12
30,0.200000,3
30,0.200000,0
30,0.200000,2
30,0.200000,3
30,0.200000,0
30,0.200000,2
30,0.200000,5
30,0.200000,9
30,0.200000,5
30,0.200000,8
30,0.200000,5
30,0.200000,0
30,0.200000,8
30,0.200000,5
30,0.200000,0
30,0.200000,8
30,0.200000,2
30,0.200000,3
30,0.200000,9
30,0.200000,2
30,0.200000,3
30,0.200000,8
30,0.200000,2
30,0.200000,13
30,0.200000,17
30,0.200000,3
30,0.200000,3
30,0.200000,14
30,0.200000,6
30,0.200000,5
30,0.200000,14
30,0.200000,0
30,0.200000,2
30,0.200000,17
30,0.200000,16
30,0.200000,2
30,0.200000,0
30,0.200000,28
30,0.200000,2
30,0.200000,2
30,0.200000,2
30,0.200000,2
30,0.200000,19
30,0.200000,0
30,0.200000,4
30,0.200000,3
30,0.200000,0
30,0.200000,3
30,0.200000,0
30,0.200000,0
30,0.200000,11
30,0.200000,0
30,0.200000,2
30,0.200000,2
30,0.200000,2
30,0.200000,26
30,0.200000,0
30,0.200000,17
30,0.200000,9
30,0.200000,28
30,0.200000,4
30,0.200000,2
30,0.200000,11
30,0.200000,3
30,0.200000,11
30,0.200000,0
30,0.200000,2
30,0.200000,29
30,0.200000,2
30,0.200000,2
30,0.200000,0
30,0.300000,0
30,0.300000,29
30,0.300000,20
30,0.300000,5
30,0.300000,0
30,0.300000,0
30,0.300000,11
30,0.300000,24
30,0.300000,4
30,0.300000,0
30,0.300000,0
30,0.300000,5
30,0.300000,2
30,0.300000,24
30,0.300000,3
30,0.300000,21
30,0.300000,4
30,0.300000,0
30,0.300000,23
30,0.300000,0
30,0.300000,27
30,0.300000,4
30,0.300000,27
30,0.300000,0
30,0.300000,8
30,0.300000,3
30,0.300000,16
30,0.300000,3
30,0.300000,2
30,0.300000,0
30,0.300000,3
30,0.300000,0
30,0.300000,0
30,0.300000,27
30,0.300000,4
30,0.300000,29
30,0.300000,23
30,0.300000,0
30,0.300000,15
30,0.300000,27
30,0.300000,2
30,0.300000,14
30,0.300000,3
30,0.300000,1
30,0.300000,5
30,0.300000,30
30,0.300000,0
30,0.300000,22
30,0.300000,2
30,0.300000,0
30,0.300000,17
30,0.300000,3
30,0.300000,26
30,0.300000,28
30,0.300000,2
30,0.300000,3
30,0.300000,28
30,0.300000,17
30,0.300000,27
30,0.300000,30
30,0.300000,4
30,0.300000,25
30,0.300000,0
30,0.300000,1
30,0.300000,24
30,0.300000,3
30,0.300000,0
30,0.300000,0
30,0.300000,3
30,0.300000,0
30,0.300000,1
30,0.300000,21
30,0.300000,0
30,0.300000,2
30,0.300000,1
30,0.300000,2
30,0.300000,0
30,0.300000,19
30,0.300000,0
30,0.300000,0
30,0.300000,0
30,0.300000,2
30,0.300000,2
30,0.300000,26
30,0.300000,23
30,0.300000,25
30,0.300000,2
30,0.300000,0
30,0.300000,2
30,0.300000,13
30,0.300000,0
30,0.300000,15
30,0.300000,27
30,0.300000,0
30,0.300000,11
30,0.300000,2
30,0.300000,0
30,0.300000,29
30,0.300000,3
30,0.300000,24
30,0.450000,26
30,0.450000,2
30,0.450000,28
30,0.450000,0
30,0.450000,26
30,0.450000,27
30,0.450000,29
30,0.450000,21
30,0.450000,28
30,0.450000,29
30,0.450000,2
30,0.450000,26
30,0.450000,25
30,0.450000,29
30,0.450000,0
30,0.450000,28
30,0.450000,8
30,0.450000,27
30,0.450000,1
30,0.450000,29
30,0.450000,29
30,0.450000,23
30,0.450000,26
30,0.450000,28
30,0.450000,0
30,0.450000,0
30,0.450000,28
30,0.450000,27
30,0.450000,29
30,0.450000,28
30,0.450000,28
30,0.450000,26
30,0.450000,2
30,0.450000,24
30,0.450000,27
30,0.450000,29
30,0.450000,26
30,0.450000,24
30,0.450000,0
30,0.450000,28
30,0.450000,25
30,0.450000,3
30,0.450000,29
30,0.450000,29
30,0.450000,24
30,0.450000,29
30,0.450000,25
30,0.450000,29
30,0.450000,27
30,0.450000,27
30,0.450000,27
30,0.450000,27
30,0.450000,26
30,0.450000,29
30,0.450000,24
30,0.450000,27
30,0.450000,0
30,0.450000,19
30,0.450000,26
30,0.450000,29
30,0.450000,10
30,0.450000,28
30,0.450000,27
30,0.450000,0
30,0.450000,24
30,0.450000,26
30,0.450000,28
30,0.450000,28
30,0.450000,0
30,0.450000,27
30,0.450000,9
30,0.450000,27
30,0.450000,26
30,0.450000,28
30,0.450000,29
30,0.450000,30
30,0.450000,29
30,0.450000,16
30,0.450000,25
30,0.450000,2
30,0.450000,27
30,0.450000,30
30,0.450000,29
30,0.450000,25
30,0.450000,28
30,0.450000,0
30,0.450000,28
30,0.450000,28
30,0.450000,13
30,0.450000,27
30,0.450000,29
30,0.450000,27
30,0.450000,30
30,0.450000,29
30,0.450000,28
30,0.450000,29
30,0.450000,0
30,0.450000,30
30,0.450000,29
30,0.450000,27
50,0.100000,17
50,0.100000,28
50,0.100000,12
50,0.100000,0
50,0.100000,3
50,0.100000,3
50,0.100000,1
50,0.100000,2
50,0.100000,38
50,0.100000,36
50,0.100000,0
50,0.100000,15
50,0.100000,8
50,0.100000,7
50,0.100000,2
50,0.100000,4
50,0.100000,9
50,0.100000,20
50,0.100000,1
50,0.100000,34
50,0.100000,3
50,0.100000,13
50,0.100000,4
50,0.100000,2
50,0.100000,0
50,0.100000,7
50,0.100000,14
50,0.100000,1
50,0.100000,10
50,0.100000,17
50,0.100000,22
50,0.100000,2
50,0.100000,21
50,0.100000,26
50,0.100000,21
50,0.100000,19
50,0.100000,2
50,0.100000,35
50,0.100000,14
50,0.100000,9
50,0.100000,0
50,0.100000,11
50,0.100000,4
50,0.100000,17
50,0.100000,17
50,0.100000,12
50,0.100000,10
50,0.100000,27
50,0.100000,28
50,0.100000,37
50,0.100000,18
50,0.100000,0
50,0.100000,13
50,0.100000,4
50,0.100000,4
50,0.100000,19
50,0.100000,5
50,0.100000,9
50,0.100000,3
50,0.100000,10
50,0.100000,26
50,0.100000,2
50,0.100000,26
50,0.100000,1
50,0.100000,4
50,0.100000,5
50,0.100000,7
50,0.100000,0
50,0.100000,26
50,0.100000,7
50,0.100000,6
50,0.100000,6
50,0.100000,5
50,0.100000,10
50,0.100000,2
50,0.100000,14
50,0.100000,48
50,0.100000,5
50,0.100000,0
50,0.100000,12
50,0.100000,16
50,0.100000,6
50,0.100000,8
50,0.100000,5
50,0.100000,19
50,0.100000,2
50,0.100000,5
50,0.100000,30
50,0.100000,17
50,0.100000,16
50,0.100000,17
50,0.100000,40
50,0.100000,10
50,0.100000,23
50,0.100000,7
50,0.100000,0
50,0.100000,12
50,0.100000,0
50,0.100000,7
50,0.100000,5
50,0.200000,2
50,0.200000,2
50,0.200000,22
50,0.200000,5
50,0.200000,1
50,0.200000,15
50,0.200000,5
50,0.200000,2
50,0.200000,3
50,0.200000,18
50,0.200000,36
50,0.200000,42
50,0.200000,0
50,0.200000,9
50,0.200000,0
50,0.200000,0
50,0.200000,13
50,0.200000,5
50,0.200000,0
50,0.200000,15
50,0.200000,30
50,0.200000,0
50,0.200000,0
50,0.200000,3
50,0.200000,2
50,0.200000,4
50,0.200000,3
50,0.200000,3
50,0.200000,24
50,0.200000,0
50,0.200000,22
50,0.200000,18
50,0.200000,2
50,0.200000,13
50,0.200000,6
50,0.200000,23
50,0.200000,47
50,0.200000,0
50,0.200000,2
50,0.200000,29
50,0.200000,8
50,0.200000,2
50,0.200000,0
50,0.200000,1
50,0.200000,0
50,0.200000,32
50,0.200000,5
50,0.200000,3
50,0.200000,44
50,0.200000,0
50,0.200000,2
50,0.200000,2
50,0.200000,3
50,0.200000,23
50,0.200000,19
50,0.200000,39
50,0.200000,46
50,0.200000,2
50,0.200000,0
50,0.200000,2
50,0.200000,21
50,0.200000,2
50,0.200000,3
50,0.200000,19
50,0.200000,1
50,0.200000,2
50,0.200000,3
50,0.200000,0
50,0.200000,2
50,0.200000,3
50,0.200000,0
50,0.200000,0
50,0.200000,4
50,0.200000,15
50,0.200000,10
50,0.200000,37
50,0.200000,0
50,0.200000,4
50,0.200000,25
50,0.200000,46
50,0.200000,9
50,0.200000,0
50,0.200000,0
50,0.200000,2
50,0.200000,4
50,0.200000,37
50,0.200000,3
50,0.200000,3
50,0.200000,18
50,0.200000,0
50,0.200000,0
50,0.200000,48
50,0.200000,0
50,0.200000,14
50,0.200000,25
50,0.200000,0
50,0.200000,0
50,0.200000,40
50,0.200000,5
50,0.200000,32
50,0.300000,46
50,0.300000,43
50,0.300000,0
50,0.300000,0
50,0.300000,47
50,0.300000,19
50,0.300000,3
50,0.300000,0
50,0.300000,0
50,0.300000,3
50,0.300000,48
50,0.300000,41
50,0.300000,0
50,0.300000,4
50,0.300000,46
50,0.300000,2
50,0.300000,4
50,0.300000,0
50,0.300000,0
50,0.300000,16
50,0.300000,46
50,0.300000,4
50,0.300000,0
50,0.300000,37
50,0.300000,41
50,0.300000,0
50,0.300000,0
50,0.300000,15
50,0.300000,36
50,0.300000,41
50,0.300000,26
50,0.300000,10
50,0.300000,44
50,0.300000,1
50,0.300000,0
50,0.300000,0
50,0.300000,0
50,0.300000,40
50,0.300000,2
50,0.300000,0
50,0.300000,2
50,0.300000,45
50,0.300000,0
50,0.300000,36
50,0.300000,19
50,0.300000,2
50,0.300000,46
50,0.300000,2
50,0.300000,1
50,0.300000,43
50,0.300000,41
50,0.300000,46
50,0.300000,47
50,0.300000,39
50,0.300000,41
50,0.300000,0
50,0.300000,33
50,0.300000,45
50,0.300000,37
50,0.300000,43
50,0.300000,3
50,0.300000,39
50,0.300000,1
50,0.300000,40
50,0.300000,0
50,0.300000,0
50,0.300000,0
50,0.300000,42
50,0.300000,4
50,0.300000,20
50,0.300000,0
50,0.300000,3
50,0.300000,0
50,0.300000,0
50,0.300000,19
50,0.300000,41
50,0.300000,5
50,0.300000,3
50,0.300000,2
50,0.300000,21
50,0.300000,41
50,0.300000,38
50,0.300000,0
50,0.300000,0
50,0.300000,32
50,0.300000,33
50,0.300000,0
50,0.300000,0
50,0.300000,0
50,0.300000,37
50,0.300000,0
50,0.300000,23
50,0.300000,36
50,0.300000,22
50,0.300000,3
50,0.300000,39
50,0.300000,16
50,0.300000,48
50,0.300000,0
50,0.300000,0
50,0.450000,46
50,0.450000,50
50,0.450000,48
50,0.450000,50
50,0.450000,48
50,0.450000,24
50,0.450000,49
50,0.450000,18
50,0.450000,47
50,0.450000,47
50,0.450000,50
50,0.450000,49
50,0.450000,49
50,0.450000,48
50,0.450000,50
50,0.450000,44
50,0.450000,41
50,0.450000,49
50,0.450000,18
50,0.450000,49
50,0.450000,49
50,0.450000,48
50,0.450000,47
50,0.450000,50
50,0.450000,49
50,0.450000,48
50,0.450000,38
50,0.450000,46
50,0.450000,50
50,0.450000,49
50,0.450000,49
50,0.450000,48
50,0.450000,49
50,0.450000,47
50,0.450000,49
50,0.450000,48
50,0.450000,50
50,0.450000,49
50,0.450000,50
50,0.450000,49
50,0.450000,48
50,0.450000,49
50,0.450000,50
50,0.450000,49
50,0.450000,48
50,0.450000,41
50,0.450000,49
50,0.450000,50
50,0.450000,47
50,0.450000,48
50,0.450000,49
50,0.450000,49
50,0.450000,49
50,0.450000,48
50,0.450000,49
50,0.450000,49
50,0.450000,47
50,0.450000,49
50,0.450000,48
50,0.450000,50
50,0.450000,0
50,0.450000,50
50,0.450000,47
50,0.450000,0
50,0.450000,48
50,0.450000,48
50,0.450000,48
50,0.450000,49
50,0.450000,48
50,0.450000,46
50,0.450000,48
50,0.450000,48
50,0.450000,49
50,0.450000,40
50,0.450000,49
50,0.450000,0
50,0.450000,49
50,0.450000,47
50,0.450000,47
50,0.450000,45
50,0.450000,15
50,0.450000,48
50,0.450000,50
50,0.450000,48
50,0.450000,47
50,0.450000,49
50,0.450000,47
50,0.450000,48
50,0.450000,48
50,0.450000,46
50,0.450000,45
50,0.450000,0
50,0.450000,46
50,0.450000,50
50,0.450000,46
50,0.450000,49
50,0.450000,47
50,0.450000,49
50,0.450000,49
50,0.450000,50
